<keymap version="1" name="Default for macOS copy" parent="Mac OS X 10.5+">
  <action id="Back">
    <keyboard-shortcut first-keystroke="meta alt left" />
    <mouse-shortcut keystroke="button4" />
    <keyboard-shortcut first-keystroke="ctrl minus" />
  </action>
  <action id="BrowseWordAtCaretPlugin.AutoHighlight">
    <keyboard-shortcut first-keystroke="alt j" />
  </action>
  <action id="CompareTwoFiles" />
  <action id="Diff.ShowDiff" />
  <action id="EditorCloneCaretAbove">
    <keyboard-shortcut first-keystroke="meta alt up" />
  </action>
  <action id="EditorCloneCaretBelow">
    <keyboard-shortcut first-keystroke="meta alt down" />
  </action>
  <action id="EditorCodeBlockStartWithSelection" />
  <action id="EditorDuplicate">
    <keyboard-shortcut first-keystroke="shift alt down" />
  </action>
  <action id="EditorIndentLineOrSelection">
    <keyboard-shortcut first-keystroke="meta close_bracket" />
  </action>
  <action id="EditorUnindentSelection">
    <keyboard-shortcut first-keystroke="meta open_bracket" />
  </action>
  <action id="FileChooser.GotoDesktop" />
  <action id="FileChooser.TogglePathShowing" />
  <action id="Forward">
    <mouse-shortcut keystroke="button5" />
    <keyboard-shortcut first-keystroke="ctrl equals" />
  </action>
  <action id="GotoFile">
    <keyboard-shortcut first-keystroke="meta p" />
  </action>
  <action id="GotoLine">
    <keyboard-shortcut first-keystroke="ctrl g" />
  </action>
  <action id="MoveLineDown" />
  <action id="NextDiff" />
  <action id="NextOccurence" />
  <action id="ParameterInfo" />
  <action id="PreviousOccurence" />
  <action id="ReloadFromDisk">
    <keyboard-shortcut first-keystroke="f7" />
  </action>
  <action id="RunAnything">
    <keyboard-shortcut first-keystroke="ctrl x" />
  </action>
  <action id="SelectNextOccurrence">
    <keyboard-shortcut first-keystroke="meta d" />
  </action>
  <action id="SendEOF" />
  <action id="SplitVertically">
    <keyboard-shortcut first-keystroke="meta alt right" />
  </action>
  <action id="StepInto" />
  <action id="openAssertEqualsDiff" />
</keymap>